Incident energy ; 
Incident energy ; 
Incident energy ; Ïƒ(E)
1.0E-5 ; 55.00784
1.0625E-5 ; 53.37238
1.125E-5 ; 51.87538
1.1875E-5 ; 50.49836
1.25E-5 ; 49.22611
1.375E-5 ; 46.94746
1.5E-5 ; 44.96045
1.625E-5 ; 43.20783
1.75E-5 ; 41.64692
1.875E-5 ; 40.24519
2.0E-5 ; 38.97735
2.130857E-5 ; 37.77184
2.261713E-5 ; 36.67283
2.392569E-5 ; 35.66553
2.523425E-5 ; 34.7379
2.785138E-5 ; 33.08345
3.04685E-5 ; 31.64782
3.308563E-5 ; 30.38679
3.570275E-5 ; 29.26769
3.831988E-5 ; 28.26583
4.0937E-5 ; 27.36216
4.320275E-5 ; 26.64744
4.54685E-5 ; 25.98713
5.0E-5 ; 24.80467
5.3125E-5 ; 24.07951
5.625E-5 ; 23.41609
5.9375E-5 ; 22.80615
6.25E-5 ; 22.24291
6.875E-5 ; 21.2349
7.5E-5 ; 20.35681
8.125E-5 ; 19.5831
8.75E-5 ; 18.89473
9.375E-5 ; 18.27719
1.0E-4 ; 17.71921
1.0625E-4 ; 17.21187
1.125E-4 ; 16.74802
1.1875E-4 ; 16.32183
1.25E-4 ; 15.92852
1.375E-4 ; 15.22529
1.5E-4 ; 14.61348
1.625E-4 ; 14.07506
1.75E-4 ; 13.59663
1.875E-4 ; 13.16797
2.0E-4 ; 12.78113
2.132013E-4 ; 12.41107
2.264025E-4 ; 12.07477
2.396038E-4 ; 11.76748
2.52805E-4 ; 11.48533
2.792075E-4 ; 10.98428
3.0561E-4 ; 10.55193
3.320125E-4 ; 10.17422
3.58415E-4 ; 9.84081
3.848175E-4 ; 9.543873
4.1122E-4 ; 9.277396
4.5561E-4 ; 8.885429
5.0E-4 ; 8.549795
5.05E-4 ; 8.514958
5.204688E-4 ; 8.410583
5.359375E-4 ; 8.311056
5.66875E-4 ; 8.125184
5.978125E-4 ; 7.954937
6.2875E-4 ; 7.798334
6.90625E-4 ; 7.519719
7.525E-4 ; 7.279007
8.14375E-4 ; 7.068686
8.7625E-4 ; 6.883158
9.38125E-4 ; 6.718153
0.001 ; 6.570348
0.0010625 ; 6.435841
0.001125 ; 6.314041
0.0011875 ; 6.20319
0.00125 ; 6.101847
0.001375 ; 5.923108
0.0015 ; 5.770397
0.001625 ; 5.638363
0.00175 ; 5.523047
0.001875 ; 5.421451
0.002 ; 5.331263
0.002127344 ; 5.249234
0.002254688 ; 5.17563
0.002382032 ; 5.109223
0.002509375 ; 5.049013
0.002764063 ; 4.944034
0.00301875 ; 4.855625
0.003273438 ; 4.780187
0.003528125 ; 4.715089
0.003782813 ; 4.658366
0.0040375 ; 4.608518
0.004278125 ; 4.566686
0.00451875 ; 4.529172
0.005 ; 4.464705
0.0053125 ; 4.428965
0.005625 ; 4.397126
0.0059375 ; 4.368589
0.00625 ; 4.342869
0.006875 ; 4.298377
0.0075 ; 4.261246
0.008125 ; 4.229798
0.00875 ; 4.202826
0.009375 ; 4.179442
0.01 ; 4.158976
0.010625 ; 4.140915
0.01125 ; 4.124859
0.011875 ; 4.110492
0.0125 ; 4.097562
0.01375 ; 4.075227
0.015 ; 4.056615
0.01625 ; 4.040866
0.0175 ; 4.027367
0.01875 ; 4.015668
0.02 ; 4.005432
0.021325 ; 3.995893
0.02265 ; 3.987469
0.023975 ; 3.979977
0.0253 ; 3.973269
0.02684375 ; 3.96629
0.0283875 ; 3.96007
0.02993125 ; 3.954491
0.031475 ; 3.94946
0.0345625 ; 3.940747
0.03765 ; 3.933462
0.0407375 ; 3.927283
0.043825 ; 3.921974
0.0469125 ; 3.917364
0.05 ; 3.913323
0.053125 ; 3.909712
0.05625 ; 3.906502
0.059375 ; 3.90363
0.0625 ; 3.901045
0.06875 ; 3.896581
0.075 ; 3.892861
0.08125 ; 3.889714
0.0875 ; 3.887016
0.09375 ; 3.884679
0.1 ; 3.882633
0.1095 ; 3.879972
0.119 ; 3.877735
0.129125 ; 3.875714
0.13925 ; 3.873987
0.149375 ; 3.872494
0.1595 ; 3.87119
0.169625 ; 3.870043
0.17975 ; 3.869024
0.189875 ; 3.868114
0.2 ; 3.867297
0.2127294 ; 3.866379
0.2254588 ; 3.865566
0.2381882 ; 3.864839
0.2509175 ; 3.864186
0.2763763 ; 3.863061
0.301835 ; 3.862125
0.3272938 ; 3.861335
0.3527525 ; 3.86066
0.3782113 ; 3.860075
0.40367 ; 3.859564
0.5 ; 3.858103
0.625 ; 3.856879
0.71875 ; 3.85624
0.8125 ; 3.855749
1.0 ; 3.855043
1.25 ; 3.854432
1.5 ; 3.854024
1.75 ; 3.853733
2.0 ; 3.853515
2.539888 ; 3.853191
3.079775 ; 3.852981
3.619663 ; 3.852833
4.15955 ; 3.852724
5.0 ; 3.852601
6.25 ; 3.85248
7.5 ; 3.852399
8.75 ; 3.852341
10.0 ; 3.852298
12.5 ; 3.852237
15.0 ; 3.852197
17.5 ; 3.852169
20.0 ; 3.852147
25.64575 ; 3.852114
31.2915 ; 3.852093
36.93725 ; 3.852078
42.583 ; 3.85203
50.0 ; 3.851957
60.35535 ; 3.851947
70.7107 ; 3.85194
70.893 ; 3.85194
71.3478 ; 3.85194
71.8026 ; 3.85194
72.71219 ; 3.851939
74.53138 ; 3.851938
78.16975 ; 3.851936
85.4465 ; 3.85189
100.0 ; 3.851828
125.55 ; 3.851821
125.75 ; 3.85182
141.165 ; 3.85177
141.421 ; 3.851769
142.149 ; 3.851766
142.877 ; 3.851764
144.3329 ; 3.851759
147.2447 ; 3.851749
153.0683 ; 3.85173
164.7155 ; 3.851691
188.01 ; 3.851615
188.12 ; 3.851615
200.0 ; 3.851613
225.235 ; 3.851592
250.47 ; 3.851511
250.5 ; 3.851511
271.29 ; 3.851476
292.08 ; 3.851442
312.88 ; 3.851407
364.855 ; 3.85124
416.83 ; 3.851106
500.0 ; 3.850906
750.0 ; 3.850403
1000.0 ; 3.849802
1250.0 ; 3.849301
1500.0 ; 3.848701
1750.0 ; 3.848151
2000.0 ; 3.847601
2250.0 ; 3.84705
2500.0 ; 3.8465
2750.0 ; 3.84595
3000.0 ; 3.8454
3250.0 ; 3.84485
3500.0 ; 3.844301
4000.0 ; 3.843201
4500.0 ; 3.842101
5000.0 ; 3.841001
6250.0 ; 3.838201
7500.0 ; 3.8355
8750.0 ; 3.832701
10000.0 ; 3.83
12500.0 ; 3.8245
15000.0 ; 3.8191
17500.0 ; 3.81365
20000.0 ; 3.8082
22500.0 ; 3.8028
25000.0 ; 3.7974
27500.0 ; 3.79205
30000.0 ; 3.7867
32500.0 ; 3.781375
35000.0 ; 3.77605
35300.0 ; 3.775411
36475.0 ; 3.772908
37650.0 ; 3.770405
40000.0 ; 3.7654
45000.0 ; 3.75485
50000.0 ; 3.7443
62500.0 ; 3.7184
75000.0 ; 3.693
87500.0 ; 3.6681
100000.0 ; 3.643701
113910.0 ; 3.617549
125000.0 ; 3.596701
138200.0 ; 3.573415
150000.0 ; 3.552601
165360.0 ; 3.527778
175000.0 ; 3.512202
189650.0 ; 3.491631
200000.0 ; 3.477103
215380.0 ; 3.45949
220000.0 ; 3.454204
235390.0 ; 3.441657
240000.0 ; 3.437905
255390.0 ; 3.432898
260000.0 ; 3.431409
275400.0 ; 3.437945
280000.0 ; 3.439915
295410.0 ; 3.465327
300000.0 ; 3.472918
310000.0 ; 3.503718
320000.0 ; 3.548725
324000.0 ; 3.5745
330000.0 ; 3.613236
334000.0 ; 3.65016
340000.0 ; 3.705654
344000.0 ; 3.759
350000.0 ; 3.839183
355000.0 ; 3.9371
360000.0 ; 4.035234
365000.0 ; 4.1826
370000.0 ; 4.330325
375000.0 ; 4.5596
380000.0 ; 4.789497
385000.0 ; 5.1613
390000.0 ; 5.534227
395000.0 ; 6.1637
397500.0 ; 6.4788
400000.0 ; 6.794796
402500.0 ; 7.266001
405000.0 ; 7.73895
407500.0 ; 8.358201
410000.0 ; 8.97931
415000.0 ; 10.56894
420000.0 ; 12.48228
425000.0 ; 14.48972
427500.0 ; 15.277
430000.0 ; 16.05982
432610.0 ; 16.32139
435000.0 ; 16.55417
437500.0 ; 16.161
440000.0 ; 15.76141
445000.0 ; 14.10328
450000.0 ; 12.20549
455000.0 ; 10.47092
457500.0 ; 9.754599
460000.0 ; 9.04012
462500.0 ; 8.474449
465000.0 ; 7.91047
470000.0 ; 7.0316
475000.0 ; 6.347257
480000.0 ; 5.810145
485000.0 ; 5.383762
490000.0 ; 5.041101
495000.0 ; 4.762155
500000.0 ; 4.53237
510000.0 ; 4.179257
520000.0 ; 3.923503
530000.0 ; 3.731471
540000.0 ; 3.58255
550000.0 ; 3.463837
560000.0 ; 3.367127
570000.0 ; 3.286521
580000.0 ; 3.218216
590000.0 ; 3.159413
600000.0 ; 3.108115
620000.0 ; 3.022415
640000.0 ; 2.953211
660000.0 ; 2.895809
680000.0 ; 2.847707
700000.0 ; 2.807207
720000.0 ; 2.773807
740000.0 ; 2.747508
760000.0 ; 2.729009
780000.0 ; 2.719912
800000.0 ; 2.723017
820000.0 ; 2.743025
840000.0 ; 2.787739
860000.0 ; 2.870564
880000.0 ; 3.015011
900000.0 ; 3.264133
910000.0 ; 3.45073
920000.0 ; 3.697774
930000.0 ; 4.025429
940000.0 ; 4.458285
950000.0 ; 5.021414
960000.0 ; 5.727365
970000.0 ; 6.508154
980000.0 ; 7.363542
990000.0 ; 7.968955
1000000.0 ; 8.152946
1010000.0 ; 7.869577
1020000.0 ; 7.267142
1030000.0 ; 6.551369
1040000.0 ; 5.865511
1050000.0 ; 5.271439
1060000.0 ; 4.780716
1070000.0 ; 4.382978
1080000.0 ; 4.061743
1090000.0 ; 3.801412
1100000.0 ; 3.58869
1110000.0 ; 3.413907
1120000.0 ; 3.267656
1130000.0 ; 3.144998
1140000.0 ; 3.042137
1150000.0 ; 2.954744
1160000.0 ; 2.880029
1170000.0 ; 2.8173
1180000.0 ; 2.764326
1190000.0 ; 2.721936
1200000.0 ; 2.688628
1210000.0 ; 2.666862
1220000.0 ; 2.657946
1230000.0 ; 2.667455
1240000.0 ; 2.698696
1250000.0 ; 2.768354
1260000.0 ; 2.899072
1270000.0 ; 3.137302
1280000.0 ; 3.573222
1285000.0 ; 3.912981
1290000.0 ; 4.366557
1295000.0 ; 4.948111
1300000.0 ; 5.628682
1305000.0 ; 6.285637
1310000.0 ; 6.69738
1315000.0 ; 6.679942
1320000.0 ; 6.265191
1330000.0 ; 5.038701
1340000.0 ; 4.073739
1350000.0 ; 3.468197
1360000.0 ; 3.090744
1370000.0 ; 2.844301
1380000.0 ; 2.674323
1390000.0 ; 2.550979
1400000.0 ; 2.457409
1450000.0 ; 2.194168
1500000.0 ; 2.056923
1550000.0 ; 1.961314
1600000.0 ; 1.890226
1620000.0 ; 1.880378
1630000.0 ; 1.902814
1640000.0 ; 2.069543
1642500.0 ; 2.2355
1643750.0 ; 2.387276
1645000.0 ; 2.634133
1645625.0 ; 2.837414
1645938.0 ; 2.942762
1646250.0 ; 3.100503
1646875.0 ; 3.448536
1647032.0 ; 3.555661
1647188.0 ; 3.702354
1647500.0 ; 4.009004
1647813.0 ; 4.316742
1647969.0 ; 4.478308
1648125.0 ; 4.688552
1648438.0 ; 5.16054
1648750.0 ; 5.731912
1650000.0 ; 8.359356
1650500.0 ; 8.880656
1650797.0 ; 8.760735
1650946.0 ; 8.664333
1651094.0 ; 8.466951
1651391.0 ; 7.917171
1651688.0 ; 7.287885
1651985.0 ; 6.622666
1652282.0 ; 6.058649
1652875.0 ; 4.964991
1653024.0 ; 4.721406
1653172.0 ; 4.547013
1653469.0 ; 4.2249
1654063.0 ; 3.614362
1654657.0 ; 3.246885
1654954.0 ; 3.067869
1655250.0 ; 2.946025
1655844.0 ; 2.730398
1656438.0 ; 2.57366
1657032.0 ; 2.44166
1657625.0 ; 2.350549
1658813.0 ; 2.208175
1660000.0 ; 2.113641
1662500.0 ; 2.0208
1665000.0 ; 1.929771
1670000.0 ; 1.861294
1680000.0 ; 1.80452
1685000.0 ; 1.789408
1690000.0 ; 1.982972
1695000.0 ; 1.766099
1700000.0 ; 1.755904
1720000.0 ; 1.722804
1740000.0 ; 1.692298
1760000.0 ; 1.660594
1780000.0 ; 1.624686
1800000.0 ; 1.579254
1820000.0 ; 1.57026
1822500.0 ; 1.625
1823750.0 ; 1.673501
1825000.0 ; 1.7681
1825625.0 ; 1.821163
1825938.0 ; 1.848709
1826250.0 ; 1.901289
1827500.0 ; 2.142726
1827813.0 ; 2.203224
1828125.0 ; 2.293254
1828750.0 ; 2.560714
1830000.0 ; 3.10315
1831500.0 ; 4.066603
1831875.0 ; 4.306351
1832250.0 ; 4.474298
1833000.0 ; 4.723399
1833875.0 ; 4.666214
1834750.0 ; 4.386398
1836500.0 ; 3.677048
1837375.0 ; 3.369611
1838250.0 ; 3.115875
1839125.0 ; 2.911188
1840000.0 ; 2.748313
1842500.0 ; 2.4402
1843750.0 ; 2.33395
1845000.0 ; 2.2551
1847500.0 ; 2.136525
1850000.0 ; 2.057033
1855000.0 ; 1.96655
1860000.0 ; 1.921617
1865000.0 ; 1.906651
1870000.0 ; 1.91627
1875000.0 ; 1.953435
1880000.0 ; 2.028659
1885000.0 ; 2.162047
1890000.0 ; 2.38377
1900000.0 ; 3.064528
1905000.0 ; 3.180189
1910000.0 ; 2.958605
1915000.0 ; 2.625157
1920000.0 ; 2.348108
1925000.0 ; 2.152081
1930000.0 ; 2.01695
1935000.0 ; 1.921863
1940000.0 ; 1.852843
1950000.0 ; 1.760305
1960000.0 ; 1.701254
1970000.0 ; 1.659431
1980000.0 ; 1.627519
1990000.0 ; 1.601612
2000000.0 ; 1.579517
2050000.0 ; 1.4951
2100000.0 ; 1.422
2150000.0 ; 1.3389
2200000.0 ; 1.2205
2220000.0 ; 1.1521
2240000.0 ; 1.0624
2260000.0 ; 0.94144
2280000.0 ; 0.77725
2300000.0 ; 0.56326
2305000.0 ; 0.5035
2310000.0 ; 0.44266
2315000.0 ; 0.38196
2320000.0 ; 0.32294
2321000.0 ; 0.3115
2322000.0 ; 0.30021
2323000.0 ; 0.2891
2324000.0 ; 0.27818
2325000.0 ; 0.26746
2326000.0 ; 0.25696
2327000.0 ; 0.24671
2328000.0 ; 0.23671
2329000.0 ; 0.22698
2330000.0 ; 0.21754
2331000.0 ; 0.20841
2332000.0 ; 0.19961
2333000.0 ; 0.19114
2334000.0 ; 0.18303
2335000.0 ; 0.17529
2336000.0 ; 0.16793
2337000.0 ; 0.16097
2338000.0 ; 0.15442
2339000.0 ; 0.1483
2340000.0 ; 0.14261
2341000.0 ; 0.13737
2342000.0 ; 0.13259
2343000.0 ; 0.12828
2344000.0 ; 0.12443
2345000.0 ; 0.12107
2346000.0 ; 0.1182
2347000.0 ; 0.11582
2348000.0 ; 0.11393
2349000.0 ; 0.11253
2350000.0 ; 0.11164
2351000.0 ; 0.11124
2352000.0 ; 0.11133
2353000.0 ; 0.11192
2354000.0 ; 0.113
2354170.0 ; 0.1132245
2355000.0 ; 0.11455
2355318.0 ; 0.1151584
2355319.0 ; 0.1151604
2355357.0 ; 0.1152358
2357000.0 ; 0.11909
2358000.0 ; 0.12206
2359000.0 ; 0.12548
2360000.0 ; 0.12933
2361000.0 ; 0.13362
2362000.0 ; 0.13833
2363000.0 ; 0.14344
2364000.0 ; 0.14894
2365000.0 ; 0.15482
2366000.0 ; 0.16106
2367000.0 ; 0.16765
2368000.0 ; 0.17457
2370000.0 ; 0.18934
2375000.0 ; 0.23097
2380000.0 ; 0.27767
2390000.0 ; 0.37888
2400000.0 ; 0.4807
2410000.0 ; 0.5755
2420000.0 ; 0.65968
2430000.0 ; 0.73228
2435000.0 ; 0.763045
2437500.0 ; 0.7784275
2440000.0 ; 0.79381
2441250.0 ; 0.8002638
2442500.0 ; 0.8067175
2443750.0 ; 0.8131713
2445000.0 ; 0.819625
2446250.0 ; 0.8260788
2447500.0 ; 0.8325325
2448750.0 ; 0.8389863
2450000.0 ; 0.84544
2451250.0 ; 0.8508263
2452500.0 ; 0.8562125
2453750.0 ; 0.8615988
2455000.0 ; 0.866985
2456250.0 ; 0.8723713
2457500.0 ; 0.8777575
2458750.0 ; 0.8831438
2460000.0 ; 0.88853
2461250.0 ; 0.8930163
2462500.0 ; 0.8975025
2463750.0 ; 0.9019888
2465000.0 ; 0.906475
2466250.0 ; 0.9109613
2467500.0 ; 0.9154475
2468750.0 ; 0.9199338
2470000.0 ; 0.92442
2471250.0 ; 0.9281513
2472500.0 ; 0.9318825
2473750.0 ; 0.9356138
2475000.0 ; 0.939345
2476250.0 ; 0.9430763
2477500.0 ; 0.9468075
2478750.0 ; 0.9505388
2480000.0 ; 0.95427
2481250.0 ; 0.9573763
2482500.0 ; 0.9604825
2483750.0 ; 0.9635888
2485000.0 ; 0.966695
2486250.0 ; 0.9698013
2487500.0 ; 0.9729075
2488750.0 ; 0.9760138
2490000.0 ; 0.97912
2491250.0 ; 0.9817063
2492500.0 ; 0.9842925
2493750.0 ; 0.9868788
2495000.0 ; 0.989465
2496250.0 ; 0.9920513
2497500.0 ; 0.9946375
2498750.0 ; 0.9972238
2500000.0 ; 0.99981
2501250.0 ; 1.001784
2502500.0 ; 1.003759
2505000.0 ; 1.007708
2507500.0 ; 1.011656
2510000.0 ; 1.015605
2512500.0 ; 1.019554
2515000.0 ; 1.023503
2517500.0 ; 1.027451
2520000.0 ; 1.0314
2522500.0 ; 1.034138
2525000.0 ; 1.036875
2527500.0 ; 1.039613
2530000.0 ; 1.04235
2532500.0 ; 1.045088
2535000.0 ; 1.047825
2537500.0 ; 1.050563
2540000.0 ; 1.0533
2542500.0 ; 1.055188
2545000.0 ; 1.057075
2547500.0 ; 1.058963
2550000.0 ; 1.06085
2552500.0 ; 1.062738
2555000.0 ; 1.064625
2557500.0 ; 1.066513
2560000.0 ; 1.0684
2562500.0 ; 1.069675
2565000.0 ; 1.07095
2567500.0 ; 1.072225
2570000.0 ; 1.0735
2572500.0 ; 1.074775
2575000.0 ; 1.07605
2577500.0 ; 1.077325
2580000.0 ; 1.0786
2582500.0 ; 1.079438
2585000.0 ; 1.080275
2587500.0 ; 1.081113
2590000.0 ; 1.08195
2592500.0 ; 1.082788
2595000.0 ; 1.083625
2597500.0 ; 1.084463
2600000.0 ; 1.0853
2601563.0 ; 1.085525
2603125.0 ; 1.08575
2604688.0 ; 1.085975
2606250.0 ; 1.0862
2607813.0 ; 1.086425
2609375.0 ; 1.08665
2610938.0 ; 1.086875
2612500.0 ; 1.0871
2614063.0 ; 1.087325
2615625.0 ; 1.08755
2617188.0 ; 1.087775
2618750.0 ; 1.088
2620313.0 ; 1.088225
2621875.0 ; 1.08845
2623438.0 ; 1.088675
2625000.0 ; 1.0889
2626563.0 ; 1.089125
2628125.0 ; 1.08935
2629688.0 ; 1.089575
2631250.0 ; 1.0898
2632813.0 ; 1.090025
2634375.0 ; 1.09025
2635938.0 ; 1.090475
2637500.0 ; 1.0907
2639063.0 ; 1.090925
2640625.0 ; 1.09115
2642188.0 ; 1.091375
2643750.0 ; 1.0916
2645313.0 ; 1.091825
2646875.0 ; 1.09205
2648438.0 ; 1.092275
2650000.0 ; 1.0925
2651563.0 ; 1.092509
2653125.0 ; 1.092519
2654688.0 ; 1.092528
2656250.0 ; 1.092538
2657813.0 ; 1.092547
2659375.0 ; 1.092556
2660938.0 ; 1.092566
2662500.0 ; 1.092575
2664063.0 ; 1.092584
2665625.0 ; 1.092594
2667188.0 ; 1.092603
2668750.0 ; 1.092613
2670313.0 ; 1.092622
2671875.0 ; 1.092631
2673438.0 ; 1.092641
2675000.0 ; 1.09265
2676563.0 ; 1.092659
2678125.0 ; 1.092669
2679688.0 ; 1.092678
2681250.0 ; 1.092688
2682813.0 ; 1.092697
2684375.0 ; 1.092706
2685938.0 ; 1.092716
2687500.0 ; 1.092725
2689063.0 ; 1.092734
2690625.0 ; 1.092744
2692188.0 ; 1.092753
2693750.0 ; 1.092763
2695313.0 ; 1.092772
2696875.0 ; 1.092781
2698438.0 ; 1.092791
2700000.0 ; 1.0928
2703125.0 ; 1.0927
2706250.0 ; 1.0926
2709375.0 ; 1.0925
2712500.0 ; 1.0924
2715625.0 ; 1.0923
2718750.0 ; 1.0922
2721875.0 ; 1.0921
2725000.0 ; 1.092
2728125.0 ; 1.0919
2731250.0 ; 1.0918
2734375.0 ; 1.0917
2737500.0 ; 1.0916
2740625.0 ; 1.0915
2743750.0 ; 1.0914
2746875.0 ; 1.0913
2750000.0 ; 1.0912
2753125.0 ; 1.091244
2756250.0 ; 1.091288
2759375.0 ; 1.091331
2762500.0 ; 1.091375
2765625.0 ; 1.091419
2768750.0 ; 1.091463
2771875.0 ; 1.091506
2775000.0 ; 1.09155
2778125.0 ; 1.091594
2781250.0 ; 1.091638
2784375.0 ; 1.091681
2787500.0 ; 1.091725
2790625.0 ; 1.091769
2793750.0 ; 1.091813
2796875.0 ; 1.091856
2800000.0 ; 1.0919
2803125.0 ; 1.092438
2806250.0 ; 1.092975
2809375.0 ; 1.093513
2812500.0 ; 1.09405
2815625.0 ; 1.094588
2818750.0 ; 1.095125
2821875.0 ; 1.095663
2825000.0 ; 1.0962
2828125.0 ; 1.096738
2831250.0 ; 1.097275
2834375.0 ; 1.097813
2837500.0 ; 1.09835
2840625.0 ; 1.098888
2843750.0 ; 1.099425
2846875.0 ; 1.099963
2850000.0 ; 1.1005
2855000.0 ; 1.10265
2860000.0 ; 1.1048
2865000.0 ; 1.10845
2870000.0 ; 1.1121
2875000.0 ; 1.1214
2880000.0 ; 1.1307
2882000.0 ; 1.14
2884000.0 ; 1.1565
2886000.0 ; 1.1952
2887000.0 ; 1.2442
2888000.0 ; 1.3918
2888200.0 ; 1.4629
2888400.0 ; 1.5743
2888500.0 ; 1.6558
2888600.0 ; 1.7653
2888700.0 ; 1.9162
2888800.0 ; 2.1279
2888900.0 ; 2.4206
2889000.0 ; 2.7748
2889100.0 ; 3.001
2889200.0 ; 2.7375
2889300.0 ; 2.0953
2889400.0 ; 1.5632
2889500.0 ; 1.2609
2889600.0 ; 1.107
2889700.0 ; 1.0302
2889800.0 ; 0.99215
2890000.0 ; 0.96656
2890500.0 ; 0.97724
2891000.0 ; 0.99851
2892000.0 ; 1.0283
2894000.0 ; 1.0574
2896000.0 ; 1.0715
2898000.0 ; 1.08
2900000.0 ; 1.0858
2906250.0 ; 1.0922
2912500.0 ; 1.0986
2918750.0 ; 1.105
2925000.0 ; 1.1114
2931250.0 ; 1.1178
2937500.0 ; 1.1242
2943750.0 ; 1.1306
2950000.0 ; 1.137
2956250.0 ; 1.145688
2962500.0 ; 1.154375
2968750.0 ; 1.163063
2975000.0 ; 1.17175
2981250.0 ; 1.180438
2987500.0 ; 1.189125
2993750.0 ; 1.197813
3000000.0 ; 1.2065
3005000.0 ; 1.2296
3005500.0 ; 1.2371
3006000.0 ; 1.251
3006100.0 ; 1.2555
3006200.0 ; 1.2609
3006300.0 ; 1.2678
3006400.0 ; 1.2768
3006500.0 ; 1.2889
3006600.0 ; 1.3063
3006700.0 ; 1.3333
3006800.0 ; 1.3804
3006900.0 ; 1.4797
3007000.0 ; 1.7826
3007100.0 ; 3.0639
3007200.0 ; 1.3125
3007300.0 ; 1.1284
3007400.0 ; 1.128
3007500.0 ; 1.1395
3007600.0 ; 1.15
3007700.0 ; 1.1584
3007800.0 ; 1.1651
3007900.0 ; 1.1705
3008000.0 ; 1.175
3008200.0 ; 1.1819
3008400.0 ; 1.187
3008600.0 ; 1.1909
3008800.0 ; 1.1941
3009000.0 ; 1.1967
3010000.0 ; 1.2054
3015000.0 ; 1.2237
3020000.0 ; 1.2361
3025000.0 ; 1.2488
3030000.0 ; 1.2615
3035000.0 ; 1.2742
3040000.0 ; 1.2869
3045000.0 ; 1.30155
3050000.0 ; 1.3162
3055000.0 ; 1.3326
3060000.0 ; 1.349
3065000.0 ; 1.368475
3070000.0 ; 1.38795
3075000.0 ; 1.407425
3080000.0 ; 1.4269
3085000.0 ; 1.4512
3090000.0 ; 1.4755
3095000.0 ; 1.4998
3100000.0 ; 1.5241
3110000.0 ; 1.58405
3120000.0 ; 1.644
3130000.0 ; 1.7168
3140000.0 ; 1.7896
3150000.0 ; 1.87595
3160000.0 ; 1.9623
3170000.0 ; 2.0582
3180000.0 ; 2.1602
3190000.0 ; 2.2678
3195000.0 ; 2.3268
3200000.0 ; 2.3858
3201000.0 ; 2.3993
3202000.0 ; 2.4136
3203000.0 ; 2.4291
3204000.0 ; 2.4465
3205000.0 ; 2.4667
3206000.0 ; 2.4921
3207000.0 ; 2.5267
3208000.0 ; 2.5815
3209000.0 ; 2.6861
3210000.0 ; 2.952
3210500.0 ; 3.2728
3211000.0 ; 3.9291
3211100.0 ; 4.1207
3211200.0 ; 4.3313
3211300.0 ; 4.5542
3211400.0 ; 4.7767
3211500.0 ; 4.9792
3211600.0 ; 5.1372
3211700.0 ; 5.2269
3211800.0 ; 5.2323
3211900.0 ; 5.1523
3212000.0 ; 5.0008
3212200.0 ; 4.5786
3212400.0 ; 4.1399
3212600.0 ; 3.7726
3212800.0 ; 3.4917
3213000.0 ; 3.2834
3213200.0 ; 3.1297
3213400.0 ; 3.0153
3213600.0 ; 2.9292
3213800.0 ; 2.8633
3214000.0 ; 2.8123
3214200.0 ; 2.7723
3214400.0 ; 2.7405
3214600.0 ; 2.715
3214800.0 ; 2.6943
3215000.0 ; 2.6775
3216000.0 ; 2.6287
3217000.0 ; 2.6099
3218000.0 ; 2.604
3219000.0 ; 2.6043
3220000.0 ; 2.6082
3222000.0 ; 2.6215
3224000.0 ; 2.6382
3226000.0 ; 2.6565
3228000.0 ; 2.6755
3230000.0 ; 2.6947
3235000.0 ; 2.7431
3240000.0 ; 2.7903
3245000.0 ; 2.836
3250000.0 ; 2.8795
3255000.0 ; 2.9205
3260000.0 ; 2.9588
3265000.0 ; 2.9943
3270000.0 ; 3.0268
3275000.0 ; 3.0561
3280000.0 ; 3.0825
3285000.0 ; 3.1057
3290000.0 ; 3.1257
3295000.0 ; 3.1428
3300000.0 ; 3.157
3305000.0 ; 3.1683
3310000.0 ; 3.1771
3312000.0 ; 3.1799
3314000.0 ; 3.1823
3316000.0 ; 3.1844
3318000.0 ; 3.1861
3320000.0 ; 3.1873
3322000.0 ; 3.1883
3324000.0 ; 3.1889
3326000.0 ; 3.1893
3328000.0 ; 3.1893
3330000.0 ; 3.1891
3332000.0 ; 3.1886
3334000.0 ; 3.1878
3336000.0 ; 3.1867
3338000.0 ; 3.1854
3340000.0 ; 3.1839
3345000.0 ; 3.1793
3350000.0 ; 3.1735
3355000.0 ; 3.1666
3360000.0 ; 3.1589
3370000.0 ; 3.1417
3380000.0 ; 3.1229
3390000.0 ; 3.1033
3400000.0 ; 3.0875
3400500.0 ; 3.0868
3410000.0 ; 3.0746
3420000.0 ; 3.0623
3430000.0 ; 3.0513
3435000.0 ; 3.0527
3436000.0 ; 3.0559
3437000.0 ; 3.0625
3437500.0 ; 3.0688
3438000.0 ; 3.0813
3438500.0 ; 3.1289
3439000.0 ; 3.8788
3439500.0 ; 3.9945
3440000.0 ; 3.5902
3440500.0 ; 3.7224
3441000.0 ; 4.214
3441500.0 ; 5.2648
3441600.0 ; 5.4652
3441700.0 ; 5.595
3441800.0 ; 5.6235
3441900.0 ; 5.542
3442000.0 ; 5.3686
3442500.0 ; 4.2335
3443000.0 ; 3.6371
3443500.0 ; 3.3815
3444000.0 ; 3.2581
3444500.0 ; 3.1906
3445000.0 ; 3.1498
3450000.0 ; 3.0532
3455000.0 ; 3.037
3460000.0 ; 3.0291
3465000.0 ; 3.0239
3470000.0 ; 3.02
3475000.0 ; 3.0169
3480000.0 ; 3.0145
3490000.0 ; 3.0118
3500000.0 ; 3.0111
3510000.0 ; 3.0125
3520000.0 ; 3.0156
3530000.0 ; 3.0203
3540000.0 ; 3.0263
3550000.0 ; 3.0332
3560000.0 ; 3.041
3570000.0 ; 3.049
3580000.0 ; 3.0569
3590000.0 ; 3.0644
3600000.0 ; 3.071
3610000.0 ; 3.0763
3620000.0 ; 3.0798
3630000.0 ; 3.0812
3640000.0 ; 3.0802
3642000.0 ; 3.0796
3644000.0 ; 3.079
3645000.0 ; 3.0786
3645200.0 ; 3.0785
3645400.0 ; 3.0785
3645600.0 ; 3.0784
3645800.0 ; 3.0783
3646000.0 ; 3.0782
3646200.0 ; 3.0782
3646400.0 ; 3.0783
3646600.0 ; 3.078
3646800.0 ; 3.0779
3647000.0 ; 3.0777
3647200.0 ; 3.0777
3647400.0 ; 3.0776
3647600.0 ; 3.0775
3647800.0 ; 3.0775
3648000.0 ; 3.0773
3649000.0 ; 3.0768
3650000.0 ; 3.0763
3651000.0 ; 3.0758
3652000.0 ; 3.0752
3653000.0 ; 3.0746
3654000.0 ; 3.074
3655000.0 ; 3.0734
3660000.0 ; 3.0696
3665000.0 ; 3.0651
3670000.0 ; 3.0599
3675000.0 ; 3.054
3680000.0 ; 3.0474
3685000.0 ; 3.0402
3690000.0 ; 3.0325
3695000.0 ; 3.0245
3700000.0 ; 3.0164
3710000.0 ; 3.001
3720000.0 ; 2.991
3730000.0 ; 2.9989
3740000.0 ; 3.0659
3745000.0 ; 3.1658
3750000.0 ; 3.3951
3755000.0 ; 3.9782
3760000.0 ; 5.339
3761000.0 ; 5.629
3762000.0 ; 5.8282
3763000.0 ; 5.8849
3764000.0 ; 5.7821
3765000.0 ; 5.5483
3766000.0 ; 5.2389
3767000.0 ; 4.9089
3768000.0 ; 4.5954
3769000.0 ; 4.317
3770000.0 ; 4.0788
3772000.0 ; 3.7122
3774000.0 ; 3.4581
3776000.0 ; 3.2796
3778000.0 ; 3.1504
3780000.0 ; 3.0543
3785000.0 ; 2.897
3790000.0 ; 2.8015
3795000.0 ; 2.7353
3800000.0 ; 2.6845
3810000.0 ; 2.6063
3820000.0 ; 2.5437
3830000.0 ; 2.4889
3840000.0 ; 2.4392
3850000.0 ; 2.3935
3860000.0 ; 2.3513
3870000.0 ; 2.3123
3880000.0 ; 2.2768
3890000.0 ; 2.2446
3900000.0 ; 2.216
3920000.0 ; 2.1689
3940000.0 ; 2.1341
3960000.0 ; 2.1065
3980000.0 ; 2.0743
4000000.0 ; 2.0359
4010000.0 ; 1.9776
4020000.0 ; 1.8889
4030000.0 ; 1.7617
4040000.0 ; 1.5988
4050000.0 ; 1.4241
4060000.0 ; 1.2759
4070000.0 ; 1.1786
4080000.0 ; 1.128
4090000.0 ; 1.107
4100000.0 ; 1.1016
4110000.0 ; 1.1075
4120000.0 ; 1.1305
4130000.0 ; 1.1847
4140000.0 ; 1.2899
4150000.0 ; 1.4618
4160000.0 ; 1.6874
4165000.0 ; 1.8039
4170000.0 ; 1.91
4175000.0 ; 1.9972
4180000.0 ; 2.0599
4185000.0 ; 2.0964
4190000.0 ; 2.1085
4195000.0 ; 2.0997
4200000.0 ; 2.0747
4205000.0 ; 2.0376
4210000.0 ; 1.992
4215000.0 ; 1.9408
4220000.0 ; 1.8858
4225000.0 ; 1.8287
4230000.0 ; 1.7704
4235000.0 ; 1.7114
4240000.0 ; 1.6523
4245000.0 ; 1.5933
4250000.0 ; 1.5348
4255000.0 ; 1.4774
4260000.0 ; 1.4223
4265000.0 ; 1.3717
4270000.0 ; 1.3297
4275000.0 ; 1.3043
4280000.0 ; 1.3093
4285000.0 ; 1.3664
4290000.0 ; 1.5003
4295000.0 ; 1.7195
4300000.0 ; 1.9967
4305000.0 ; 2.2801
4310000.0 ; 2.5272
4315000.0 ; 2.7168
4320000.0 ; 2.8407
4321000.0 ; 2.8575
4322000.0 ; 2.8718
4323000.0 ; 2.8835
4324000.0 ; 2.8928
4325000.0 ; 2.8997
4326000.0 ; 2.9045
4327000.0 ; 2.9071
4328000.0 ; 2.9076
4329000.0 ; 2.9063
4330000.0 ; 2.9032
4335000.0 ; 2.8656
4340000.0 ; 2.8022
4345000.0 ; 2.7252
4350000.0 ; 2.6434
4355000.0 ; 2.5621
4360000.0 ; 2.4843
4370000.0 ; 2.3438
4380000.0 ; 2.2248
4390000.0 ; 2.125
4400000.0 ; 2.0415
4410000.0 ; 1.972
4420000.0 ; 1.9153
4430000.0 ; 1.8714
4440000.0 ; 1.8432
4445000.0 ; 1.8369
4450000.0 ; 1.8369
4455000.0 ; 1.8418
4460000.0 ; 1.8326
4462000.0 ; 1.8073
4464000.0 ; 1.7506
4466000.0 ; 1.6464
4468000.0 ; 1.498
4470000.0 ; 1.3486
4472000.0 ; 1.2489
4475000.0 ; 1.2041
4480000.0 ; 1.2393
4485000.0 ; 1.2798
4490000.0 ; 1.3031
4495000.0 ; 1.3128
4500000.0 ; 1.3132
4505000.0 ; 1.3073
4510000.0 ; 1.297
4515000.0 ; 1.2845
4520000.0 ; 1.2777
4521000.0 ; 1.2793
4522000.0 ; 1.2828
4523000.0 ; 1.2896
4524000.0 ; 1.301
4525000.0 ; 1.3194
4526000.0 ; 1.3485
4527000.0 ; 1.3941
4528000.0 ; 1.4656
4529000.0 ; 1.5769
4530000.0 ; 1.7472
4531000.0 ; 1.9954
4532000.0 ; 2.3155
4533000.0 ; 2.6356
4534000.0 ; 2.8261
4535000.0 ; 2.8189
4536000.0 ; 2.6725
4537000.0 ; 2.4811
4538000.0 ; 2.3008
4539000.0 ; 2.1495
4540000.0 ; 2.0274
4545000.0 ; 1.6945
4550000.0 ; 1.5579
4555000.0 ; 1.485
4560000.0 ; 1.4384
4565000.0 ; 1.405
4570000.0 ; 1.379
4575000.0 ; 1.3577
4580000.0 ; 1.3397
4585000.0 ; 1.324
4590000.0 ; 1.3104
4591000.0 ; 1.3078
4592000.0 ; 1.3058
4593000.0 ; 1.3039
4594000.0 ; 1.302
4595000.0 ; 1.2993
4596000.0 ; 1.2975
4597000.0 ; 1.296
4598000.0 ; 1.295
4599000.0 ; 1.2945
4600000.0 ; 1.2944
4601000.0 ; 1.3281
4601500.0 ; 1.3376
4602000.0 ; 1.3399
4602500.0 ; 1.3353
4603000.0 ; 1.3258
4604000.0 ; 1.3021
4605000.0 ; 1.2823
4610000.0 ; 1.2723
4615000.0 ; 1.269
4620000.0 ; 1.2738
4625000.0 ; 1.2969
4626000.0 ; 1.3059
4627000.0 ; 1.3174
4628000.0 ; 1.3322
4629000.0 ; 1.3512
4630000.0 ; 1.3761
4631000.0 ; 1.4087
4632000.0 ; 1.4517
4633000.0 ; 1.5089
4634000.0 ; 1.5836
4635000.0 ; 1.6773
4636000.0 ; 1.7824
4637000.0 ; 1.8726
4638000.0 ; 1.9042
4639000.0 ; 1.8506
4640000.0 ; 1.7363
4645000.0 ; 1.3062
4650000.0 ; 1.1981
4655000.0 ; 1.1599
4660000.0 ; 1.1393
4665000.0 ; 1.1246
4670000.0 ; 1.1123
4675000.0 ; 1.1012
4680000.0 ; 1.0907
4685000.0 ; 1.0806
4690000.0 ; 1.0707
4695000.0 ; 1.0609
4700000.0 ; 1.0511
4705000.0 ; 1.0415
4710000.0 ; 1.032
4715000.0 ; 1.0226
4720000.0 ; 1.0132
4725000.0 ; 1.0039
4730000.0 ; 0.99474
4735000.0 ; 0.98578
4740000.0 ; 0.97715
4745000.0 ; 0.96883
4750000.0 ; 0.96101
4755000.0 ; 0.95387
4760000.0 ; 0.94768
4765000.0 ; 0.94282
4770000.0 ; 0.93978
4775000.0 ; 0.93929
4780000.0 ; 0.94236
4785000.0 ; 0.95046
4790000.0 ; 0.96561
4795000.0 ; 0.99071
4800000.0 ; 1.0298
4805000.0 ; 1.0879
4810000.0 ; 1.1711
4815000.0 ; 1.2849
4820000.0 ; 1.4298
4825000.0 ; 1.596
4830000.0 ; 1.7582
4832000.0 ; 1.8142
4834000.0 ; 1.8618
4835000.0 ; 1.882
4836000.0 ; 1.8996
4837000.0 ; 1.9143
4838000.0 ; 1.9264
4839000.0 ; 1.9357
4840000.0 ; 1.9421
4841000.0 ; 1.9459
4842000.0 ; 1.9471
4843000.0 ; 1.946
4844000.0 ; 1.9424
4845000.0 ; 1.9368
4850000.0 ; 1.8835
4855000.0 ; 1.8048
4860000.0 ; 1.718
4870000.0 ; 1.5548
4880000.0 ; 1.4224
4890000.0 ; 1.3193
4900000.0 ; 1.2378
4910000.0 ; 1.1719
4920000.0 ; 1.1171
4930000.0 ; 1.0706
4940000.0 ; 1.0303
4950000.0 ; 0.99519
4960000.0 ; 0.96445
4970000.0 ; 0.93842
4980000.0 ; 0.91744
4990000.0 ; 0.90321
5000000.0 ; 0.89789
5010000.0 ; 0.90503
5020000.0 ; 0.92919
5030000.0 ; 0.97551
5040000.0 ; 1.048
5050000.0 ; 1.1435
5060000.0 ; 1.2549
5070000.0 ; 1.3681
5080000.0 ; 1.4719
5090000.0 ; 1.5679
5100000.0 ; 1.6809
5102000.0 ; 1.7105
5104000.0 ; 1.7442
5106000.0 ; 1.7832
5108000.0 ; 1.829
5110000.0 ; 1.8833
5112000.0 ; 1.9482
5114000.0 ; 2.0265
5115000.0 ; 2.0717
5116000.0 ; 2.1214
5117000.0 ; 2.176
5118000.0 ; 2.236
5119000.0 ; 2.3017
5120000.0 ; 2.3735
5121000.0 ; 2.4513
5122000.0 ; 2.5351
5123000.0 ; 2.6245
5124000.0 ; 2.7184
5125000.0 ; 2.8152
5126000.0 ; 2.9127
5127000.0 ; 3.0076
5128000.0 ; 3.0962
5129000.0 ; 3.1737
5130000.0 ; 3.2356
5131000.0 ; 3.2775
5132000.0 ; 3.296
5133000.0 ; 3.2892
5134000.0 ; 3.2575
5135000.0 ; 3.2029
5136000.0 ; 3.1288
5137000.0 ; 3.0399
5138000.0 ; 2.941
5139000.0 ; 2.8365
5140000.0 ; 2.7303
5142000.0 ; 2.5246
5144000.0 ; 2.3389
5146000.0 ; 2.1787
5148000.0 ; 2.0435
5150000.0 ; 1.9307
5155000.0 ; 1.7237
5160000.0 ; 1.5887
5165000.0 ; 1.4959
5170000.0 ; 1.4288
5180000.0 ; 1.3374
5190000.0 ; 1.2761
5200000.0 ; 1.2304
5210000.0 ; 1.1938
5220000.0 ; 1.163
5230000.0 ; 1.1361
5240000.0 ; 1.1123
5250000.0 ; 1.0906
5260000.0 ; 1.071
5270000.0 ; 1.053
5280000.0 ; 1.0365
5290000.0 ; 1.0223
5300000.0 ; 1.0148
5310000.0 ; 1.1324
5320000.0 ; 0.92136
5330000.0 ; 0.97807
5340000.0 ; 1.6467
5350000.0 ; 1.2939
5355000.0 ; 1.0824
5360000.0 ; 1.0095
5365000.0 ; 0.96717
5366000.0 ; 0.95947
5367000.0 ; 0.95157
5368000.0 ; 0.94331
5369000.0 ; 0.93451
5370000.0 ; 0.92534
5371000.0 ; 0.91681
5372000.0 ; 0.91255
5373000.0 ; 0.92143
5374000.0 ; 0.95175
5375000.0 ; 0.98824
5380000.0 ; 0.99322
5385000.0 ; 0.97076
5390000.0 ; 0.95737
5395000.0 ; 0.9481
5400000.0 ; 0.94111
5410000.0 ; 0.9312
5420000.0 ; 0.92493
5430000.0 ; 0.92155
5440000.0 ; 0.92092
5450000.0 ; 0.9232
5460000.0 ; 0.92873
5470000.0 ; 0.93803
5480000.0 ; 0.95171
5490000.0 ; 0.97059
5500000.0 ; 0.99557
5510000.0 ; 1.0276
5520000.0 ; 1.0679
5530000.0 ; 1.1174
5540000.0 ; 1.1768
5550000.0 ; 1.2461
5560000.0 ; 1.3246
5570000.0 ; 1.41
5580000.0 ; 1.4989
5590000.0 ; 1.5859
5600000.0 ; 1.665
5605000.0 ; 1.6998
5610000.0 ; 1.7304
5615000.0 ; 1.7567
5620000.0 ; 1.778
5625000.0 ; 1.7943
5630000.0 ; 1.8056
5635000.0 ; 1.8118
5639500.0 ; 1.8134
5639542.0 ; 1.8134
5639543.0 ; 1.8134
5639600.0 ; 1.8134
5640000.0 ; 1.8134
5645000.0 ; 1.8106
5650000.0 ; 1.8039
5655000.0 ; 1.7938
5660000.0 ; 1.7807
5662000.0 ; 1.7746
5665000.0 ; 1.7652
5668000.0 ; 1.7547
5670000.0 ; 1.7477
5672000.0 ; 1.7398
5675000.0 ; 1.7285
5676000.0 ; 1.724
5678000.0 ; 1.7157
5680000.0 ; 1.7075
5685000.0 ; 1.6831
5690000.0 ; 1.6562
5695000.0 ; 1.6321
5700000.0 ; 1.6098
5705000.0 ; 1.5878
5710000.0 ; 1.5658
5715000.0 ; 1.5439
5720000.0 ; 1.5222
5725000.0 ; 1.5009
5730000.0 ; 1.4802
5735000.0 ; 1.4598
5740000.0 ; 1.4401
5745000.0 ; 1.4208
5750000.0 ; 1.4022
5755000.0 ; 1.3841
5760000.0 ; 1.3666
5765000.0 ; 1.3496
5770000.0 ; 1.3332
5775000.0 ; 1.3174
5780000.0 ; 1.3021
5785000.0 ; 1.2874
5790000.0 ; 1.2731
5795000.0 ; 1.2593
5800000.0 ; 1.2461
5805000.0 ; 1.2333
5810000.0 ; 1.2211
5815000.0 ; 1.2094
5820000.0 ; 1.1981
5825000.0 ; 1.1874
5830000.0 ; 1.1772
5835000.0 ; 1.1675
5840000.0 ; 1.1586
5845000.0 ; 1.1504
5850000.0 ; 1.1429
5855000.0 ; 1.1365
5860000.0 ; 1.1313
5865000.0 ; 1.1277
5870000.0 ; 1.1261
5875000.0 ; 1.1273
5880000.0 ; 1.1324
5885000.0 ; 1.143
5890000.0 ; 1.1621
5895000.0 ; 1.1942
5900000.0 ; 1.2478
5905000.0 ; 1.3371
5908000.0 ; 1.4145
5910000.0 ; 1.4879
5912000.0 ; 1.5724
5915000.0 ; 1.7354
5916000.0 ; 1.7987
5917000.0 ; 1.8661
5918000.0 ; 1.9366
5919000.0 ; 2.0091
5920000.0 ; 2.0814
5921000.0 ; 2.1511
5922000.0 ; 2.215
5923000.0 ; 2.2697
5924000.0 ; 2.3118
5925000.0 ; 2.3384
5926000.0 ; 2.3474
5927000.0 ; 2.3378
5928000.0 ; 2.3107
5929000.0 ; 2.2677
5930000.0 ; 2.2118
5935000.0 ; 1.8499
5940000.0 ; 1.533
5945000.0 ; 1.3173
5950000.0 ; 1.1729
5955000.0 ; 1.0705
5960000.0 ; 0.99114
5965000.0 ; 0.92358
5970000.0 ; 0.86097
5975000.0 ; 0.8004
5980000.0 ; 0.74888
5982000.0 ; 0.73846
5984000.0 ; 0.74314
5985000.0 ; 0.75486
5986000.0 ; 0.77583
5988000.0 ; 0.85609
5990000.0 ; 1.004
5992000.0 ; 1.2174
5994000.0 ; 1.4444
5995000.0 ; 1.538
5996000.0 ; 1.6086
5997000.0 ; 1.6545
5998000.0 ; 1.6776
5999000.0 ; 1.6823
6000000.0 ; 1.6734
6001000.0 ; 1.6553
6002000.0 ; 1.6314
6003000.0 ; 1.6045
6004000.0 ; 1.5764
6006000.0 ; 1.5205
6008000.0 ; 1.4688
6010000.0 ; 1.4227
6012000.0 ; 1.3823
6014000.0 ; 1.3469
6015000.0 ; 1.3309
6016000.0 ; 1.3159
6018000.0 ; 1.2886
6020000.0 ; 1.2646
6025000.0 ; 1.2153
6030000.0 ; 1.1774
6035000.0 ; 1.1476
6040000.0 ; 1.124
6045000.0 ; 1.1051
6048000.0 ; 1.0958
6050000.0 ; 1.0904
6052000.0 ; 1.0856
6054000.0 ; 1.0819
6055000.0 ; 1.0803
6056000.0 ; 1.0788
6057000.0 ; 1.0776
6058000.0 ; 1.0767
6059000.0 ; 1.0762
6060000.0 ; 1.076
6061000.0 ; 1.076
6062000.0 ; 1.0767
6063000.0 ; 1.0776
6064000.0 ; 1.0793
6065000.0 ; 1.0814
6066000.0 ; 1.0848
6067000.0 ; 1.0885
6068000.0 ; 1.0944
6070000.0 ; 1.1104
6071000.0 ; 1.122
6072000.0 ; 1.1368
6073000.0 ; 1.1559
6074000.0 ; 1.1806
6075000.0 ; 1.212
6076000.0 ; 1.2509
6077000.0 ; 1.2955
6078000.0 ; 1.338
6079000.0 ; 1.3607
6080000.0 ; 1.343
6082000.0 ; 1.2036
6084000.0 ; 1.0749
6085000.0 ; 1.0308
6086000.0 ; 1.0075
6088000.0 ; 0.9749
6090000.0 ; 0.9578
6092000.0 ; 0.94801
6094000.0 ; 0.9416
6096000.0 ; 0.93698
6098000.0 ; 0.93338
6100000.0 ; 0.93031
6102000.0 ; 0.92756
6104000.0 ; 0.92502
6106000.0 ; 0.92261
6108000.0 ; 0.92027
6110000.0 ; 0.91802
6115000.0 ; 0.91256
6120000.0 ; 0.9073
6125000.0 ; 0.90223
6130000.0 ; 0.89737
6140000.0 ; 0.88826
6150000.0 ; 0.88008
6160000.0 ; 0.8729
6170000.0 ; 0.86677
6175000.0 ; 0.86411
6180000.0 ; 0.86171
6190000.0 ; 0.85765
6200000.0 ; 0.85449
6210000.0 ; 0.85209
6220000.0 ; 0.85028
6225000.0 ; 0.84958
6230000.0 ; 0.84897
6240000.0 ; 0.84806
6250000.0 ; 0.84756
6260000.0 ; 0.83995
6270000.0 ; 0.83542
6271000.0 ; 0.83529
6272170.0 ; 0.8351535
6272171.0 ; 0.8351534
6272200.0 ; 0.83515
6272300.0 ; 0.83516
6275000.0 ; 0.83542
6280000.0 ; 0.83762
6290000.0 ; 0.84301
6300000.0 ; 0.84795
6302000.0 ; 0.84937
6304000.0 ; 0.85074
6306000.0 ; 0.85154
6308000.0 ; 0.85192
6310000.0 ; 0.8523
6312000.0 ; 0.85292
6314000.0 ; 0.85398
6316000.0 ; 0.85544
6318000.0 ; 0.85726
6320000.0 ; 0.85938
6322000.0 ; 0.86182
6324000.0 ; 0.86469
6325000.0 ; 0.86638
6326000.0 ; 0.86819
6328000.0 ; 0.87195
6330000.0 ; 0.87554
6332000.0 ; 0.87871
6334000.0 ; 0.88173
6336000.0 ; 0.8849
6338000.0 ; 0.8883
6340000.0 ; 0.89154
6342000.0 ; 0.89455
6344000.0 ; 0.89766
6346000.0 ; 0.9013
6348000.0 ; 0.90577
6350000.0 ; 0.91088
6352000.0 ; 0.91694
6354000.0 ; 0.92427
6356000.0 ; 0.93272
6358000.0 ; 0.94171
6360000.0 ; 0.95057
6362000.0 ; 0.95943
6364000.0 ; 0.96963
6366000.0 ; 0.98209
6368000.0 ; 0.99618
6370000.0 ; 1.0108
6372000.0 ; 1.0248
6374000.0 ; 1.0387
6375000.0 ; 1.0461
6376000.0 ; 1.054
6378000.0 ; 1.0721
6380000.0 ; 1.0938
6382000.0 ; 1.118
6384000.0 ; 1.1411
6385000.0 ; 1.151
6386000.0 ; 1.1607
6388000.0 ; 1.1808
6390000.0 ; 1.2025
6392000.0 ; 1.2204
6394000.0 ; 1.232
6395000.0 ; 1.2363
6396000.0 ; 1.239
6398000.0 ; 1.2384
6400000.0 ; 1.2332
6402000.0 ; 1.2252
6404000.0 ; 1.2096
6405000.0 ; 1.1968
6406000.0 ; 1.1799
6408000.0 ; 1.1402
6410000.0 ; 1.0948
6412000.0 ; 1.049
6414000.0 ; 1.006
6415000.0 ; 0.98571
6416000.0 ; 0.96565
6418000.0 ; 0.93066
6420000.0 ; 0.90177
6422000.0 ; 0.87524
6424000.0 ; 0.84988
6425000.0 ; 0.83754
6426000.0 ; 0.82548
6428000.0 ; 0.80224
6430000.0 ; 0.78014
6430885.0 ; 0.7711818
6430886.0 ; 0.7711717
6430900.0 ; 0.77103
6430999.0 ; 0.7699806
6431001.0 ; 0.7698501
6432000.0 ; 0.76
6434000.0 ; 0.74253
6436000.0 ; 0.72563
6438000.0 ; 0.70884
6440000.0 ; 0.6931
6442000.0 ; 0.67941
6444000.0 ; 0.6682
6446000.0 ; 0.65881
6448000.0 ; 0.65064
6450000.0 ; 0.64316
6451000.0 ; 0.63981
6452000.0 ; 0.6373
6452100.0 ; 0.63694
6452146.0 ; 0.6368756
6452147.0 ; 0.6368742
6452199.0 ; 0.6368014
6452201.0 ; 0.6366687
6452300.0 ; 0.63654
6454000.0 ; 0.63227
6456000.0 ; 0.62709
6458000.0 ; 0.62185
6460000.0 ; 0.61663
6462000.0 ; 0.6117
6464000.0 ; 0.60714
6466000.0 ; 0.60284
6468000.0 ; 0.59866
6470000.0 ; 0.59449
6472000.0 ; 0.59025
6474000.0 ; 0.5859
6475000.0 ; 0.58368
6476000.0 ; 0.58141
6478000.0 ; 0.57672
6480000.0 ; 0.5718
6482000.0 ; 0.56686
6484000.0 ; 0.56206
6486000.0 ; 0.55731
6488000.0 ; 0.55252
6490000.0 ; 0.5476
6492000.0 ; 0.54276
6494000.0 ; 0.53841
6496000.0 ; 0.53483
6498000.0 ; 0.53229
6500000.0 ; 0.53106
6502000.0 ; 0.53092
6504000.0 ; 0.53135
6506000.0 ; 0.53232
6508000.0 ; 0.53375
6510000.0 ; 0.53559
6512000.0 ; 0.53762
6514000.0 ; 0.53975
6516000.0 ; 0.54205
6516461.0 ; 0.5425848
6516500.0 ; 0.54263
6516599.0 ; 0.5426696
6516601.0 ; 0.5426804
6518000.0 ; 0.5433
6520000.0 ; 0.54456
6522000.0 ; 0.54611
6524000.0 ; 0.54777
6525000.0 ; 0.54863
6526000.0 ; 0.5503
6528000.0 ; 0.55371
6530000.0 ; 0.55721
6532000.0 ; 0.56083
6534000.0 ; 0.56456
6536000.0 ; 0.56842
6538000.0 ; 0.57242
6540000.0 ; 0.57657
6542000.0 ; 0.58086
6544000.0 ; 0.58526
6546000.0 ; 0.58976
6548000.0 ; 0.59436
6550000.0 ; 0.59907
6552000.0 ; 0.60387
6554000.0 ; 0.60879
6556000.0 ; 0.61379
6558000.0 ; 0.61888
6560000.0 ; 0.62403
6562000.0 ; 0.62924
6564000.0 ; 0.63454
6566000.0 ; 0.63995
6568000.0 ; 0.64548
6570000.0 ; 0.65116
6572000.0 ; 0.65701
6574000.0 ; 0.66305
6575000.0 ; 0.66615
6576000.0 ; 0.66915
6578000.0 ; 0.6753
6580000.0 ; 0.68169
6582000.0 ; 0.68845
6584000.0 ; 0.69561
6586000.0 ; 0.70304
6588000.0 ; 0.71059
6590000.0 ; 0.71813
6592000.0 ; 0.72552
6594000.0 ; 0.7326
6596000.0 ; 0.73925
6598000.0 ; 0.7453
6600000.0 ; 0.75063
6602000.0 ; 0.75546
6604000.0 ; 0.76013
6606000.0 ; 0.76468
6608000.0 ; 0.7691
6610000.0 ; 0.77343
6612000.0 ; 0.77767
6614000.0 ; 0.78184
6616000.0 ; 0.78597
6618000.0 ; 0.79006
6620000.0 ; 0.79414
6622000.0 ; 0.79822
6624000.0 ; 0.80227
6625000.0 ; 0.80429
6626000.0 ; 0.80623
6628000.0 ; 0.81008
6630000.0 ; 0.81386
6632000.0 ; 0.81754
6634000.0 ; 0.82111
6636000.0 ; 0.82454
6638000.0 ; 0.82782
6640000.0 ; 0.83093
6642000.0 ; 0.83334
6644000.0 ; 0.83488
6646000.0 ; 0.83603
6648000.0 ; 0.83729
6650000.0 ; 0.83915
6652000.0 ; 0.84198
6654000.0 ; 0.84632
6655000.0 ; 0.84928
6656000.0 ; 0.85276
6658000.0 ; 0.86073
6660000.0 ; 0.8694
6662000.0 ; 0.8782
6664000.0 ; 0.88786
6665000.0 ; 0.89339
6666000.0 ; 0.89973
6668000.0 ; 0.91436
6670000.0 ; 0.92937
6672000.0 ; 0.944
6674000.0 ; 0.95678
6675000.0 ; 0.96125
6676000.0 ; 0.95976
6678000.0 ; 0.93916
6680000.0 ; 0.91992
6682000.0 ; 0.91078
6684000.0 ; 0.90238
6685000.0 ; 0.89886
6686000.0 ; 0.89566
6688000.0 ; 0.88943
6690000.0 ; 0.88366
6692000.0 ; 0.87848
6694000.0 ; 0.8738
6695000.0 ; 0.87163
6696000.0 ; 0.86973
6698000.0 ; 0.86686
6700000.0 ; 0.86493
6710000.0 ; 0.85836
6720000.0 ; 0.85703
6725000.0 ; 0.85914
6730000.0 ; 0.86058
6740000.0 ; 0.86779
6750000.0 ; 0.87912
6760000.0 ; 0.89544
6770000.0 ; 0.91918
6775000.0 ; 0.93375
6780000.0 ; 0.95349
6790000.0 ; 1.015
6795000.0 ; 1.0648
6800000.0 ; 1.1209
6805000.0 ; 1.1889
6810000.0 ; 1.2619
6820000.0 ; 1.3196
6825000.0 ; 1.2186
6830000.0 ; 1.1102
6840000.0 ; 0.91612
6850000.0 ; 0.79269
6860000.0 ; 0.74781
6875000.0 ; 0.71917
6880000.0 ; 0.71275
6900000.0 ; 0.7043
6920000.0 ; 0.70541
6925000.0 ; 0.70868
6940000.0 ; 0.70643
6950000.0 ; 0.70721
6960000.0 ; 0.7115
6975000.0 ; 0.72677
6980000.0 ; 0.73282
7000000.0 ; 0.76435
7020000.0 ; 0.80077
7025000.0 ; 0.80865
7030000.0 ; 0.81763
7035000.0 ; 0.8272
7040000.0 ; 0.83649
7045000.0 ; 0.8448
7050000.0 ; 0.8514
7055000.0 ; 0.85716
7060000.0 ; 0.85973
7065000.0 ; 0.85772
7070000.0 ; 0.85102
7075000.0 ; 0.84464
7080000.0 ; 0.83605
7090000.0 ; 0.82306
7100000.0 ; 0.81188
7120000.0 ; 0.80457
7125000.0 ; 0.8053
7140000.0 ; 0.78208
7150000.0 ; 0.77746
7160000.0 ; 0.78298
7170000.0 ; 0.82623
7175000.0 ; 0.86828
7180000.0 ; 0.93915
7190000.0 ; 1.148
7200000.0 ; 1.3784
7210000.0 ; 1.3199
7220000.0 ; 1.2095
7225000.0 ; 1.1634
7230000.0 ; 1.1187
7240000.0 ; 1.0367
7250000.0 ; 0.97937
7260000.0 ; 0.963
7275000.0 ; 0.95871
7280000.0 ; 0.95124
7300000.0 ; 0.94591
7320000.0 ; 0.99245
7325000.0 ; 1.0231
7330000.0 ; 1.0279
7335000.0 ; 1.0159
7340000.0 ; 0.99842
7345000.0 ; 0.98025
7350000.0 ; 0.96155
7353000.0 ; 0.94951
7353300.0 ; 0.94825
7353304.0 ; 0.9482352
7353399.0 ; 0.9478837
7353401.0 ; 0.947786
7355000.0 ; 0.94141
7360000.0 ; 0.91841
7365000.0 ; 0.87267
7370000.0 ; 0.80979
7375000.0 ; 0.86941
7380000.0 ; 0.93391
7385000.0 ; 0.92479
7390000.0 ; 0.91563
7400000.0 ; 0.89677
7420000.0 ; 0.86316
7425000.0 ; 0.85611
7440000.0 ; 0.83764
7450000.0 ; 0.82557
7460000.0 ; 0.81333
7475000.0 ; 0.79507
7480000.0 ; 0.79138
7500000.0 ; 0.77781
7520000.0 ; 0.80275
7525000.0 ; 0.8042
7540000.0 ; 0.8026
7550000.0 ; 0.80153
7560000.0 ; 0.80477
7565597.0 ; 0.806619
7565600.0 ; 0.80662
7565651.0 ; 0.8065792
7565799.0 ; 0.8064608
7565801.0 ; 0.8064391
7568000.0 ; 0.80449
7575000.0 ; 0.79672
7600000.0 ; 0.78875
7613595.0 ; 0.7973368
7613600.0 ; 0.79734
7625000.0 ; 0.8101
7640000.0 ; 0.82467
7650000.0 ; 0.83533
7660000.0 ; 0.84621
7675000.0 ; 0.86302
7680000.0 ; 0.86823
7700000.0 ; 0.89028
7725000.0 ; 0.92072
7740000.0 ; 0.93064
7750000.0 ; 0.93693
7760000.0 ; 0.94212
7775000.0 ; 0.94762
7780000.0 ; 0.94899
7800000.0 ; 0.95351
7820000.0 ; 0.95816
7825000.0 ; 0.95874
7840000.0 ; 0.9777
7850000.0 ; 0.98933
7860000.0 ; 0.99445
7875000.0 ; 0.97369
7880000.0 ; 0.95944
7900000.0 ; 0.87981
7920000.0 ; 0.79797
7925000.0 ; 0.77501
7940000.0 ; 0.70509
7950000.0 ; 0.65813
7960000.0 ; 0.61758
7975000.0 ; 0.57431
7980000.0 ; 0.56238
8000000.0 ; 0.53668
8020000.0 ; 0.54153
8025000.0 ; 0.54667
8040000.0 ; 0.55864
8060000.0 ; 0.59248
8075000.0 ; 0.62898
8080000.0 ; 0.63713
8100000.0 ; 0.67388
8125000.0 ; 0.73231
8150000.0 ; 0.78055
8175000.0 ; 0.81027
8200000.0 ; 0.82846
8225000.0 ; 0.84268
8240000.0 ; 0.84925
8250000.0 ; 0.84873
8275000.0 ; 0.8315
8280000.0 ; 0.82769
8300000.0 ; 0.80788
8320000.0 ; 0.78022
8325000.0 ; 0.77188
8340000.0 ; 0.74858
8350000.0 ; 0.73236
8360000.0 ; 0.71541
8375000.0 ; 0.68765
8400000.0 ; 0.66317
8425000.0 ; 0.64908
8440000.0 ; 0.63951
8450000.0 ; 0.63304
8460000.0 ; 0.62551
8475000.0 ; 0.61354
8500000.0 ; 0.59431
8520000.0 ; 0.5854
8525000.0 ; 0.58473
8540000.0 ; 0.5841
8550000.0 ; 0.5858
8560000.0 ; 0.58793
8575000.0 ; 0.59504
8600000.0 ; 0.61549
8620000.0 ; 0.64597
8625000.0 ; 0.65455
8640000.0 ; 0.68214
8650000.0 ; 0.70151
8660000.0 ; 0.72277
8675000.0 ; 0.75625
8680000.0 ; 0.76777
8700000.0 ; 0.81412
8720000.0 ; 0.85706
8725000.0 ; 0.8656
8740000.0 ; 0.88382
8745000.0 ; 0.88769
8750000.0 ; 0.89105
8760000.0 ; 0.89359
8775000.0 ; 0.88651
8780000.0 ; 0.88137
8800000.0 ; 0.84985
8820000.0 ; 0.8102
8825000.0 ; 0.80053
8840000.0 ; 0.77503
8850000.0 ; 0.75866
8860000.0 ; 0.74276
8875000.0 ; 0.71836
8880000.0 ; 0.70838
8900000.0 ; 0.66991
8920000.0 ; 0.64901
8925000.0 ; 0.65087
8940000.0 ; 0.65138
8950000.0 ; 0.65358
8960000.0 ; 0.67883
8975000.0 ; 0.67963
8980000.0 ; 0.68118
8987000.0 ; 0.68619
9000000.0 ; 0.70604
9020000.0 ; 0.73646
9025000.0 ; 0.75323
9040000.0 ; 0.8184
9050000.0 ; 0.84681
9060000.0 ; 0.81514
9075000.0 ; 0.76759
9080000.0 ; 0.75262
9100000.0 ; 0.73626
9120000.0 ; 0.71577
9125000.0 ; 0.71053
9136000.0 ; 0.69432
9140000.0 ; 0.68875
9150000.0 ; 0.67571
9160000.0 ; 0.6629
9175000.0 ; 0.64462
9180000.0 ; 0.63813
9200000.0 ; 0.61587
9225000.0 ; 0.60176
9248000.0 ; 0.60019
9250000.0 ; 0.60029
9275000.0 ; 0.60545
9300000.0 ; 0.61923
9325000.0 ; 0.65134
9350000.0 ; 0.68568
9375000.0 ; 0.7136
9400000.0 ; 0.72005
9425000.0 ; 0.69473
9431000.0 ; 0.69112
9431376.0 ; 0.691026
9431377.0 ; 0.6910258
9431400.0 ; 0.69102
9431500.0 ; 0.69101
9450000.0 ; 0.68949
9470000.0 ; 0.68753
9475000.0 ; 0.68703
9500000.0 ; 0.68481
9508000.0 ; 0.68402
9525000.0 ; 0.68223
9550000.0 ; 0.68407
9575000.0 ; 0.68615
9600000.0 ; 0.69132
9625000.0 ; 0.70603
9650000.0 ; 0.71265
9675000.0 ; 0.72161
9676000.0 ; 0.72186
9700000.0 ; 0.72916
9720000.0 ; 0.73359
9725000.0 ; 0.73409
9740000.0 ; 0.73378
9750000.0 ; 0.73295
9760000.0 ; 0.73208
9775000.0 ; 0.72953
9780000.0 ; 0.73329
9800000.0 ; 0.74279
9825000.0 ; 0.74413
9850000.0 ; 0.72852
9875000.0 ; 0.71112
9900000.0 ; 0.70662
9925000.0 ; 0.70743
9950000.0 ; 0.71386
9975000.0 ; 0.73069
1.0E7 ; 0.73993
1.005E7 ; 0.75384
1.01E7 ; 0.78739
1.0122E7 ; 0.8001
1.015E7 ; 0.8124
1.0189E7 ; 0.82343
1.018945E7 ; 0.823448
1.018946E7 ; 0.8234484
1.018999E7 ; 0.8234696
1.019001E7 ; 0.8235418
1.02E7 ; 0.82529
1.0202E7 ; 0.82551
1.024452E7 ; 0.8178465
1.024453E7 ; 0.8178447
1.024499E7 ; 0.8177618
1.024501E7 ; 0.8176271
1.0247E7 ; 0.81704
1.025E7 ; 0.81588
1.03E7 ; 0.79167
1.035E7 ; 0.75623
1.0372E7 ; 0.74047
1.037219E7 ; 0.7403471
1.03722E7 ; 0.7403406
1.04E7 ; 0.72236
1.045E7 ; 0.70857
1.046499E7 ; 0.7080503
1.046501E7 ; 0.7080601
1.0468E7 ; 0.7081
1.05E7 ; 0.70956
1.0526E7 ; 0.7103
1.052751E7 ; 0.7103151
1.052799E7 ; 0.7103199
1.052801E7 ; 0.7103295
1.055E7 ; 0.70917
1.056E7 ; 0.7069
1.056024E7 ; 0.7068256
1.056025E7 ; 0.7068225
1.0563E7 ; 0.70597
1.06E7 ; 0.69063
1.065E7 ; 0.68756
1.0667E7 ; 0.68652
1.066708E7 ; 0.6865216
1.066709E7 ; 0.6865218
1.0669E7 ; 0.68656
1.068E7 ; 0.68782
1.069E7 ; 0.69249
1.07E7 ; 0.70337
1.071E7 ; 0.70574
1.072E7 ; 0.67979
1.073E7 ; 0.62369
1.074E7 ; 0.64887
1.075E7 ; 0.6729
1.076E7 ; 0.69334
1.077E7 ; 0.71203
1.078E7 ; 0.72858
1.079E7 ; 0.74312
1.08E7 ; 0.75724
1.081E7 ; 0.77124
1.082E7 ; 0.78496
1.083E7 ; 0.79786
1.084E7 ; 0.80635
1.085E7 ; 0.81082
1.086E7 ; 0.81075
1.087E7 ; 0.80841
1.088E7 ; 0.8077
1.089E7 ; 0.80964
1.09E7 ; 0.81317
1.091E7 ; 0.81767
1.092E7 ; 0.82305
1.093E7 ; 0.83613
1.094E7 ; 0.86643
1.095E7 ; 0.90761
1.096E7 ; 0.95226
1.097E7 ; 0.98007
1.098E7 ; 0.98199
1.099E7 ; 0.98352
1.1E7 ; 0.98756
1.1007E7 ; 0.99421
1.100899E7 ; 0.9963592
1.100901E7 ; 0.9966717
1.105E7 ; 1.0447
1.11E7 ; 1.1072
1.115E7 ; 1.1462
1.12E7 ; 1.1014
1.122E7 ; 1.0749
1.125E7 ; 1.0338
1.13E7 ; 0.97734
1.135E7 ; 0.93015
1.14E7 ; 0.89945
1.145E7 ; 0.9097
1.15E7 ; 0.94018
1.152E7 ; 0.95484
1.154E7 ; 0.96707
1.155E7 ; 0.97227
1.16E7 ; 1.0005
1.1643E7 ; 1.006
1.164797E7 ; 1.005702
1.164798E7 ; 1.005701
1.164799E7 ; 1.005701
1.164801E7 ; 1.005599
1.165E7 ; 1.0054
1.17E7 ; 1.0017
1.175E7 ; 1.0061
1.177872E7 ; 1.059083
1.177873E7 ; 1.059102
1.177899E7 ; 1.059582
1.177901E7 ; 1.059908
1.1796E7 ; 1.0727
1.179699E7 ; 1.072898
1.179701E7 ; 1.073002
1.18E7 ; 1.0737
1.185E7 ; 1.0654
1.19E7 ; 1.0423
1.195E7 ; 1.0431
1.197E7 ; 1.0502
1.2E7 ; 1.0368
1.205E7 ; 0.9906
1.21E7 ; 0.9373475
1.211E7 ; 0.927026
1.215E7 ; 0.8886202
1.2161E7 ; 0.8790434
1.22E7 ; 0.867777
1.224667E7 ; 0.8841292
1.2247E7 ; 0.8842423
1.2248E7 ; 0.8845855
1.225E7 ; 0.8852689
1.23E7 ; 0.8891462
1.233172E7 ; 0.8885653
1.2332E7 ; 0.8885395
1.2333E7 ; 0.8884442
1.235E7 ; 0.8863136
1.2363E7 ; 0.8852025
1.237E7 ; 0.8844619
1.24E7 ; 0.8811499
1.245E7 ; 0.8762423
1.25E7 ; 0.8769544
1.255E7 ; 0.8759299
1.258E7 ; 0.8699107
1.26E7 ; 0.8647788
1.262E7 ; 0.85857
1.265E7 ; 0.8485337
1.27E7 ; 0.8401108
1.275E7 ; 0.8528989
1.28E7 ; 0.8986122
1.2809E7 ; 0.907201
1.280904E7 ; 0.9072396
1.2813E7 ; 0.9110138
1.285E7 ; 0.9442324
1.289235E7 ; 0.9728566
1.28924E7 ; 0.972865
1.29E7 ; 0.9741475
1.295E7 ; 0.9584105
1.3E7 ; 0.9198736
1.305E7 ; 0.8949192
1.31E7 ; 0.893513
1.315E7 ; 0.9016798
1.32E7 ; 0.9095466
1.32247E7 ; 0.9090408
1.3225E7 ; 0.9090415
1.3227E7 ; 0.9090441
1.325E7 ; 0.9092223
1.33E7 ; 0.9043225
1.3318E7 ; 0.9052293
1.332E7 ; 0.9054419
1.332038E7 ; 0.9054873
1.335E7 ; 0.9091326
1.34E7 ; 0.9133238
1.345E7 ; 0.9201729
1.35E7 ; 0.9235018
1.355E7 ; 0.9213273
1.36E7 ; 0.9340121
1.3602E7 ; 0.9344005
1.3603E7 ; 0.9346137
1.360316E7 ; 0.9346477
1.361E7 ; 0.936184
1.362E7 ; 0.93905
1.363E7 ; 0.942821
1.364E7 ; 0.9475059
1.365E7 ; 0.9523919
1.366E7 ; 0.958778
1.367E7 ; 0.9651652
1.367435E7 ; 0.9679292
1.367438E7 ; 0.967949
1.368E7 ; 0.971658
1.369E7 ; 0.9782221
1.37E7 ; 0.9847352
1.371E7 ; 0.9911883
1.372E7 ; 0.9975694
1.373E7 ; 1.003864
1.374E7 ; 1.00828
1.375E7 ; 1.007267
1.376E7 ; 1.001109
1.377E7 ; 0.9978775
1.378E7 ; 1.000622
1.3785E7 ; 1.003355
1.378665E7 ; 1.004401
1.3787E7 ; 1.004623
1.379E7 ; 1.006526
1.38E7 ; 1.012785
1.381E7 ; 1.016591
1.382E7 ; 1.015636
1.383E7 ; 1.012886
1.384E7 ; 1.009898
1.385E7 ; 1.007297
1.386E7 ; 1.004368
1.387E7 ; 1.001496
1.388E7 ; 0.9986352
1.389E7 ; 0.9957934
1.39E7 ; 0.9929756
1.395E7 ; 0.9792334
1.3979E7 ; 0.9654331
1.4E7 ; 0.9565856
1.405E7 ; 0.9359368
1.41E7 ; 0.9446567
1.415E7 ; 0.9552716
1.42E7 ; 0.9596979
1.425E7 ; 0.9643493
1.4298E7 ; 0.9682988
1.43E7 ; 0.9684675
1.435E7 ; 0.9730397
1.44E7 ; 0.9670972
1.445E7 ; 0.9633926
1.45E7 ; 0.9613582
1.455E7 ; 0.9624633
1.46E7 ; 0.9701988
1.4617E7 ; 0.9729721
1.465E7 ; 0.9784414
1.47E7 ; 0.9906394
1.475E7 ; 1.001539
1.48E7 ; 1.016193
1.485E7 ; 1.031034
1.49E7 ; 1.034853
1.4936E7 ; 1.037709
1.495E7 ; 1.038808
1.5E7 ; 1.043932
1.502E7 ; 1.044625
1.504E7 ; 1.040246
1.505E7 ; 1.036815
1.51E7 ; 1.013511
1.515E7 ; 0.9848278
1.52E7 ; 0.9490566
1.525E7 ; 0.9224555
1.5255E7 ; 0.9203734
1.53E7 ; 0.9056334
1.534717E7 ; 0.889994
1.535E7 ; 0.8890632
1.539207E7 ; 0.8764373
1.539208E7 ; 0.8764367
1.54E7 ; 0.8759427
1.545E7 ; 0.8781761
1.55E7 ; 0.8819953
1.555E7 ; 0.8857343
1.5574E7 ; 0.8917785
1.56E7 ; 0.898092
1.565E7 ; 0.9073456
1.57E7 ; 0.9167519
1.575E7 ; 0.9226072
1.58E7 ; 0.9210043
1.585E7 ; 0.9156963
1.5893E7 ; 0.906742
1.59E7 ; 0.90511
1.595E7 ; 0.8846498
1.6E7 ; 0.8567893
1.61E7 ; 0.8438202
1.613E7 ; 0.8512753
1.6161E7 ; 0.8595346
1.62E7 ; 0.8717385
1.6205E7 ; 0.873198
1.6212E7 ; 0.8755367
1.63E7 ; 0.9071041
1.64E7 ; 0.9281381
1.641E7 ; 0.929174
1.65E7 ; 0.941335
1.6531E7 ; 0.9336333
1.66E7 ; 0.9243634
1.6615E7 ; 0.9233946
1.66516E7 ; 0.9231114
1.67E7 ; 0.9277321
1.68E7 ; 0.9457914
1.682E7 ; 0.9500569
1.685E7 ; 0.9579622
1.69E7 ; 0.9733034
1.7E7 ; 1.005274
1.7025E7 ; 1.015618
1.71E7 ; 1.044977
1.7168E7 ; 1.058666
1.7169E7 ; 1.05883
1.72E7 ; 1.063335
1.723E7 ; 1.065151
1.725019E7 ; 1.065639
1.72502E7 ; 1.065639
1.73E7 ; 1.064925
1.74E7 ; 1.061761
1.7435E7 ; 1.059952
1.7487E7 ; 1.060086
1.7488E7 ; 1.060087
1.75E7 ; 1.06007
1.76E7 ; 1.063259
1.764E7 ; 1.064204
1.77E7 ; 1.066569
1.78E7 ; 1.068314
1.7806E7 ; 1.068409
1.7807E7 ; 1.068421
1.7845E7 ; 1.068445
1.785E7 ; 1.068259
1.785072E7 ; 1.068233
1.785073E7 ; 1.068233
1.79E7 ; 1.06588
1.8E7 ; 1.058546
1.805E7 ; 1.046022
1.81E7 ; 1.033932
1.8125E7 ; 1.02968
1.813381E7 ; 1.028278
1.813382E7 ; 1.028276
1.82E7 ; 1.018227
1.8255E7 ; 1.016366
1.828902E7 ; 1.015785
1.828903E7 ; 1.015785
1.83E7 ; 1.015726
1.84E7 ; 1.024412
1.8444E7 ; 1.028057
1.846E7 ; 1.02998
1.85E7 ; 1.03404
1.857179E7 ; 1.027453
1.85718E7 ; 1.027453
1.86E7 ; 1.026252
1.8665E7 ; 1.034754
1.87E7 ; 1.037805
1.8763E7 ; 1.052628
1.88E7 ; 1.061452
1.887E7 ; 1.086716
1.89E7 ; 1.097836
1.9E7 ; 1.111854
1.9075E7 ; 1.106435
1.9082E7 ; 1.105615
1.91E7 ; 1.103445
1.92E7 ; 1.107518
1.928E7 ; 1.101472
1.93E7 ; 1.099101
1.936452E7 ; 1.083682
1.936453E7 ; 1.083679
1.94E7 ; 1.074277
1.9401E7 ; 1.073828
1.9485E7 ; 1.038752
1.95E7 ; 1.033304
1.958914E7 ; 1.006866
1.958915E7 ; 1.006864
1.96E7 ; 1.004193
1.963943E7 ; 0.9988742
1.963944E7 ; 0.9988729
1.969E7 ; 0.9922668
1.97E7 ; 0.9914643
1.972E7 ; 0.9917414
1.98E7 ; 0.9928789
1.9895E7 ; 0.9950708
1.99E7 ; 0.9953251
2.0E7 ; 0.9995772
2.01E7 ; 1.002122
2.014821E7 ; 1.00741
2.014822E7 ; 1.007412
2.025621E7 ; 1.023684
2.025622E7 ; 1.023686
2.025972E7 ; 1.024253
2.025973E7 ; 1.024254
2.033424E7 ; 1.034473
2.033425E7 ; 1.034474
2.035E7 ; 1.036004
2.042E7 ; 1.043188
2.05E7 ; 1.04693
2.061712E7 ; 1.054002
2.061713E7 ; 1.054002
2.065E7 ; 1.055407
2.081996E7 ; 1.055472
2.081997E7 ; 1.055472
2.090298E7 ; 1.055198
2.090299E7 ; 1.055198
2.095E7 ; 1.055038
2.097633E7 ; 1.055608
2.097634E7 ; 1.055608
2.099451E7 ; 1.056005
2.099452E7 ; 1.056005
2.1E7 ; 1.056132
2.108157E7 ; 1.058263
2.108158E7 ; 1.058263
2.123253E7 ; 1.062759
2.123254E7 ; 1.062759
2.125E7 ; 1.063345
2.144238E7 ; 1.061141
2.144239E7 ; 1.061141
2.15E7 ; 1.060441
2.155E7 ; 1.059708
2.159418E7 ; 1.057994
2.159419E7 ; 1.057994
2.163617E7 ; 1.056373
2.163618E7 ; 1.056373
2.172505E7 ; 1.052999
2.172506E7 ; 1.052999
2.185E7 ; 1.048378
2.189503E7 ; 1.047741
2.189504E7 ; 1.047741
2.198677E7 ; 1.046527
2.198678E7 ; 1.046527
2.2E7 ; 1.046354
2.204396E7 ; 1.045163
2.204397E7 ; 1.045163
2.215E7 ; 1.041249
2.216143E7 ; 1.040302
2.2223E7 ; 1.035203
2.224478E7 ; 1.033399
2.224479E7 ; 1.033398
2.245E7 ; 1.016356
2.25E7 ; 1.013602
2.275E7 ; 1.00683
2.286444E7 ; 1.00307
2.286445E7 ; 1.00307
2.3E7 ; 0.9985926
2.3043E7 ; 0.997532
2.305E7 ; 0.9973586
2.321737E7 ; 0.9964222
2.335E7 ; 0.9956801
2.35E7 ; 0.9987653
2.365E7 ; 0.999895
2.374348E7 ; 0.9972636
2.374349E7 ; 0.9972632
2.387307E7 ; 0.9923637
2.394355E7 ; 0.9896988
2.395E7 ; 0.9894549
2.4E7 ; 0.9893579
2.425E7 ; 0.9946305
2.438631E7 ; 0.9994335
2.440883E7 ; 1.000227
2.440886E7 ; 1.000228
2.45E7 ; 1.003429
2.455E7 ; 1.004864
2.457711E7 ; 1.005581
2.457714E7 ; 1.005582
2.485E7 ; 1.012309
2.5E7 ; 1.016564
2.515E7 ; 1.018706
2.545E7 ; 1.015413
2.55E7 ; 1.015643
2.575E7 ; 1.019338
2.6E7 ; 1.026691
2.605E7 ; 1.026859
2.635E7 ; 1.029971
2.65E7 ; 1.029229
2.665E7 ; 1.027689
2.695E7 ; 1.027143
2.7E7 ; 1.027074
2.725E7 ; 1.026856
2.75E7 ; 1.024854
2.755E7 ; 1.024243
2.785E7 ; 1.021278
2.8E7 ; 1.021357
2.815E7 ; 1.022793
2.845E7 ; 1.025508
2.85E7 ; 1.025718
2.875E7 ; 1.029727
2.9E7 ; 1.03294
2.905E7 ; 1.032806
2.935E7 ; 1.031693
2.95E7 ; 1.038354
2.965E7 ; 1.042527
2.995E7 ; 1.042826
3.0E7 ; 1.042747
3.000001E7 ; 1.042747
3.070792E7 ; 1.037791
3.1E7 ; 1.03753
3.142229E7 ; 1.036483
3.2E7 ; 1.034039
3.3E7 ; 1.027929
3.326299E7 ; 1.026053
3.4E7 ; 1.020401
3.41482E7 ; 1.019206
3.438877E7 ; 1.017228
3.5E7 ; 1.012
3.553507E7 ; 1.007279
3.6E7 ; 1.003237
3.7E7 ; 0.9945925
3.8E7 ; 0.985805
3.9E7 ; 0.9766644
3.91296E7 ; 0.9754447
4.0E7 ; 0.967
4.1E7 ; 0.9558651
4.2E7 ; 0.9427753
4.3E7 ; 0.9282312
4.4E7 ; 0.9126665
4.5E7 ; 0.8964523
4.6E7 ; 0.8799028
4.7E7 ; 0.8632834
4.8E7 ; 0.8468119
4.9E7 ; 0.8306689
5.0E7 ; 0.815
5.1E7 ; 0.7998775
5.2E7 ; 0.7852466
5.3E7 ; 0.771044
5.4E7 ; 0.7572196
5.5E7 ; 0.7437248
5.6E7 ; 0.7305209
5.7E7 ; 0.7175727
5.8E7 ; 0.7048539
5.9E7 ; 0.6923359
6.0E7 ; 0.68
6.1E7 ; 0.667938
6.2E7 ; 0.6562363
6.3E7 ; 0.6448704
6.4E7 ; 0.6338162
6.5E7 ; 0.6230532
6.6E7 ; 0.6125623
6.7E7 ; 0.6023263
6.8E7 ; 0.5923298
6.9E7 ; 0.5825587
7.0E7 ; 0.573
7.1E7 ; 0.5636415
7.2E7 ; 0.5544844
7.3E7 ; 0.5455352
7.4E7 ; 0.5367994
7.5E7 ; 0.5282807
7.6E7 ; 0.5199817
7.7E7 ; 0.5119039
7.8E7 ; 0.5040479
7.9E7 ; 0.4964136
8.0E7 ; 0.489
8.1E7 ; 0.4820903
8.2E7 ; 0.475777
8.3E7 ; 0.4697982
8.4E7 ; 0.463922
8.5E7 ; 0.4579429
8.6E7 ; 0.4516805
8.7E7 ; 0.4449774
8.8E7 ; 0.4376998
8.9E7 ; 0.4297366
9.0E7 ; 0.421
9.1E7 ; 0.4119385
9.2E7 ; 0.4030597
9.3E7 ; 0.3943795
9.4E7 ; 0.3859111
9.5E7 ; 0.377665
9.6E7 ; 0.3696497
9.7E7 ; 0.3618717
9.8E7 ; 0.3543355
9.9E7 ; 0.3470443
1.0E8 ; 0.34
1.02E8 ; 0.3264294
1.04E8 ; 0.3135221
1.06E8 ; 0.3014214
1.08E8 ; 0.2902259
1.1E8 ; 0.28
1.12E8 ; 0.2706011
1.14E8 ; 0.2617873
1.16E8 ; 0.2534657
1.18E8 ; 0.2455585
1.2E8 ; 0.238
1.22E8 ; 0.2307729
1.24E8 ; 0.2238816
1.26E8 ; 0.2173027
1.28E8 ; 0.2110153
1.3E8 ; 0.205
1.32E8 ; 0.1990935
1.34E8 ; 0.193188
1.36E8 ; 0.1873405
1.38E8 ; 0.1815984
1.4E8 ; 0.176
1.42E8 ; 0.1704138
1.44E8 ; 0.1647469
1.46E8 ; 0.1590798
1.48E8 ; 0.1534792
1.5E8 ; 0.148
